{
 "description": "Kerr a != 0 massive Dirac finite-matching benchmark for one simple angular branch",
 "start_data_order": "first_order",
 "parameters": {
  "M": 1.0,
  "a": 0.4,
  "mass": 0.2,
  "omega": 0.5,
  "k": 0,
  "ell_infinity": 1.0,
  "u_left": -40.0,
  "u_match": 20.0,
  "angular_epsilon": 1e-06,
  "angular_rtol": 1e-10,
  "angular_atol": 1e-12,
  "radial_rtol": 1e-10,
  "radial_atol": 1e-11,
  "grid_points": 240,
  "lambda_bracket_left": 0.7,
  "lambda_bracket_right": 1.6,
  "refined": false
 },
 "geometry": {
  "r0": 0.08348486100883201,
  "r1": 1.9165151389911679,
  "kappa_plus": 0.23910980934739998,
  "Omega_H": 0.10435607626104001,
  "omega_H": 0.55217803813052
 },
 "angular": {
  "m_k": 0.5,
  "mu": 0.08000000000000002,
  "nu": 0.2,
  "angular_lambda": 1.1609940905782437,
  "shooting_determinant_at_root": -1.1102230246251565e-16
 },
 "derived": {
  "kappa": 0.458257569495584,
  "alpha": 0.08728715609439697,
  "B1": [
   [
    [
     0.0,
     -0.08728715609439697
    ],
    [
     1.1609940905782439,
     -0.21821789023599245
    ]
   ],
   [
    [
     1.1609940905782439,
     0.21821789023599245
    ],
    [
     0.0,
     0.08728715609439697
    ]
   ]
  ],
  "b_minus_out": [
   [
    [
     0.0,
     0.0
    ]
   ],
   [
    [
     -0.23809523809523814,
     1.2667484051121949
    ]
   ]
  ],
  "b_plus_in": [
   [
    [
     -0.23809523809523814,
     -1.2667484051121949
    ]
   ],
   [
    [
     0.0,
     0.0
    ]
   ]
  ]
 },
 "runs": [
  {
   "u_right": 80.0,
   "S": [
    [
     [
      -0.006684450145867733,
      -0.007532504719215223
     ],
     [
      0.9194281500993519,
      0.3927988008019565
     ]
    ],
    [
     [
      0.9196668815688771,
      0.39290079184381554
     ],
     [
      0.010063702652889197,
      -0.00037734601074108025
     ]
    ]
   ],
   "unitary_defect_2norm": 0.00025963895219915326,
   "wronskian_out_relative_variation": 3.0829148080570794e-10,
   "wronskian_in_relative_variation": 3.0829148080570794e-10,
   "matching_point_variation_frobenius": 3.919665957792948e-10,
   "det_Fout": [
    -0.9195214084055743,
    0.39283864268720325
   ],
   "det_Fin": [
    0.9195214084055743,
    0.39283864268720325
   ],
   "q_RH_in": 0.9999999999828282,
   "q_RH_out": -0.9999999999828282,
   "q_Rinf_out": 0.9997404152632895,
   "q_Rinf_in": -0.9997404152632895,
   "det_conjugation_defect": 0.0,
   "reciprocity_defect": 0.000259605252568539,
   "transmission_identity_defect": 0.0002596052697417091,
   "nfev_horizon": 2777,
   "nfev_infinity": 2777
  },
  {
   "u_right": 120.0,
   "S": [
    [
     [
      -0.005461018623568924,
      -0.006949632349466773
     ],
     [
      0.9184838287593519,
      0.3952138336631341
     ]
    ],
    [
     [
      0.9185898072806087,
      0.39525943509492895
     ],
     [
      0.008801107012955913,
      -0.0008127912070267434
     ]
    ]
   ],
   "unitary_defect_2norm": 0.00011537969215341888,
   "wronskian_out_relative_variation": 3.5888295655653247e-10,
   "wronskian_in_relative_variation": 3.5888295655653247e-10,
   "matching_point_variation_frobenius": 4.7171340386229e-10,
   "det_Fout": [
    -0.9185555864108892,
    0.39524471021824664
   ],
   "det_Fin": [
    0.9185555864108892,
    0.39524471021824664
   ],
   "q_RH_in": 0.9999999999828282,
   "q_RH_out": -0.9999999999828282,
   "q_Rinf_out": 0.9998846290953929,
   "q_Rinf_in": -0.9998846290953929,
   "det_conjugation_defect": 0.0,
   "reciprocity_defect": 0.00011537303649259243,
   "transmission_identity_defect": 0.00011537305366469055,
   "nfev_horizon": 3632,
   "nfev_infinity": 3617
  },
  {
   "u_right": 180.0,
   "S": [
    [
     [
      -0.0053383171480553045,
      -0.006102521652264116
     ],
     [
      0.9179673444011122,
      0.3965084406590153
     ]
    ],
    [
     [
      0.9180144165722698,
      0.3965287730960001
     ],
     [
      0.008102485056838018,
      -0.0002968777413193193
     ]
    ]
   ],
   "unitary_defect_2norm": 5.127701345241868e-05,
   "wronskian_out_relative_variation": 2.299622001018576e-10,
   "wronskian_in_relative_variation": 2.299622001018576e-10,
   "matching_point_variation_frobenius": 4.762933262150441e-10,
   "det_Fout": [
    -0.9180276940575616,
    0.3965345081965143
   ],
   "det_Fin": [
    0.9180276940575616,
    0.3965345081965143
   ],
   "q_RH_in": 0.9999999999828282,
   "q_RH_out": -0.9999999999828282,
   "q_Rinf_out": 0.9999487239131859,
   "q_Rinf_in": -0.9999487239131859,
   "det_conjugation_defect": 0.0,
   "reciprocity_defect": 5.12756988371035e-05,
   "transmission_identity_defect": 5.127571600876467e-05,
   "nfev_horizon": 4907,
   "nfev_infinity": 4892
  }
 ]
}