u_right,unitary_defect,wronskian_out_var,wronskian_in_var,matching_var
80.0,0.00025963895219870874,3.082897056218533e-10,3.082897056218533e-10,3.919666952698311e-10
120.0,0.00011537969215386301,3.588813040579521e-10,3.588813040579521e-10,4.71712951119392e-10
180.0,5.12770134579699e-05,2.29961894967395e-10,2.29961894967395e-10,4.762956056248868e-10
