{
 "description": "Kerr a != 0 massive Dirac finite-matching benchmark for one simple angular branch",
 "start_data_order": "refined",
 "parameters": {
  "M": 1.0,
  "a": 0.4,
  "mass": 0.2,
  "omega": 0.5,
  "k": 0,
  "ell_infinity": 1.0,
  "u_left": -40.0,
  "u_match": 20.0,
  "angular_epsilon": 1e-06,
  "angular_rtol": 1e-10,
  "angular_atol": 1e-12,
  "radial_rtol": 1e-10,
  "radial_atol": 1e-11,
  "grid_points": 240,
  "lambda_bracket_left": 0.7,
  "lambda_bracket_right": 1.6,
  "refined": true
 },
 "geometry": {
  "r0": 0.08348486100883201,
  "r1": 1.9165151389911679,
  "kappa_plus": 0.23910980934739998,
  "Omega_H": 0.10435607626104001,
  "omega_H": 0.55217803813052
 },
 "angular": {
  "m_k": 0.5,
  "mu": 0.08000000000000002,
  "nu": 0.2,
  "angular_lambda": 1.1609940905782437,
  "shooting_determinant_at_root": -1.1102230246251565e-16
 },
 "derived": {
  "kappa": 0.458257569495584,
  "alpha": 0.08728715609439697,
  "B1": [
   [
    [
     0.0,
     -0.08728715609439697
    ],
    [
     1.1609940905782439,
     -0.21821789023599245
    ]
   ],
   [
    [
     1.1609940905782439,
     0.21821789023599245
    ],
    [
     0.0,
     0.08728715609439697
    ]
   ]
  ],
  "b_minus_out": [
   [
    [
     0.0,
     0.0
    ]
   ],
   [
    [
     -0.23809523809523814,
     1.2667484051121949
    ]
   ]
  ],
  "b_plus_in": [
   [
    [
     -0.23809523809523814,
     -1.2667484051121949
    ]
   ],
   [
    [
     0.0,
     0.0
    ]
   ]
  ]
 },
 "runs": [
  {
   "u_right": 80.0,
   "S": [
    [
     [
      -0.006684450145867328,
      -0.0075325047192160875
     ],
     [
      0.9231421433797091,
      0.3839890678429383
     ]
    ],
    [
     [
      0.9233818391954675,
      0.3840887714189466
     ],
     [
      0.010054646080824507,
      -0.0005697308899458725
     ]
    ]
   ],
   "unitary_defect_2norm": 0.00025963895219870874,
   "wronskian_out_relative_variation": 3.082897056218533e-10,
   "wronskian_in_relative_variation": 3.082897056218533e-10,
   "matching_point_variation_frobenius": 3.919666952698311e-10,
   "det_Fout": [
    -0.9232357783991336,
    0.384028016150178
   ],
   "det_Fin": [
    0.9232357783991336,
    0.384028016150178
   ],
   "q_RH_in": 0.9999999999828282,
   "q_RH_out": -0.9999999999828282,
   "q_Rinf_out": 0.9997404152632902,
   "q_Rinf_in": -0.9997404152632902,
   "det_conjugation_defect": 0.0,
   "reciprocity_defect": 0.00025960525256800307,
   "transmission_identity_defect": 0.00025960526974111106,
   "nfev_horizon": 2777,
   "nfev_infinity": 2777
  },
  {
   "u_right": 120.0,
   "S": [
    [
     [
      -0.005461018623566063,
      -0.0069496323494670385
     ],
     [
      0.9212141053286946,
      0.3888072660774255
     ]
    ],
    [
     [
      0.9213203988807281,
      0.3888521282925487
     ],
     [
      0.00878893172611815,
      -0.0009353038614953269
     ]
    ]
   ],
   "unitary_defect_2norm": 0.00011537969215386301,
   "wronskian_out_relative_variation": 3.588813040579521e-10,
   "wronskian_in_relative_variation": 3.588813040579521e-10,
   "matching_point_variation_frobenius": 4.71712951119392e-10,
   "det_Fout": [
    -0.921286076286366,
    0.3888376421117559
   ],
   "det_Fin": [
    0.921286076286366,
    0.3888376421117559
   ],
   "q_RH_in": 0.9999999999828282,
   "q_RH_out": -0.9999999999828282,
   "q_Rinf_out": 0.9998846290953927,
   "q_Rinf_in": -0.9998846290953927,
   "det_conjugation_defect": 0.0,
   "reciprocity_defect": 0.00011537303649320968,
   "transmission_identity_defect": 0.00011537305366500454,
   "nfev_horizon": 3632,
   "nfev_infinity": 3617
  },
  {
   "u_right": 180.0,
   "S": [
    [
     [
      -0.005338317148051235,
      -0.006102521652263371
     ],
     [
      0.9199526794275069,
      0.3918801558063627
     ]
    ],
    [
     [
      0.9199998534040669,
      0.39190025091092373
     ],
     [
      0.008099083655950544,
      -0.00037847645030609687
     ]
    ]
   ],
   "unitary_defect_2norm": 5.12770134579699e-05,
   "wronskian_out_relative_variation": 2.29961894967395e-10,
   "wronskian_in_relative_variation": 2.29961894967395e-10,
   "matching_point_variation_frobenius": 4.762956056248868e-10,
   "det_Fout": [
    -0.9200131596052518,
    0.3919059190678954
   ],
   "det_Fin": [
    0.9200131596052518,
    0.3919059190678954
   ],
   "q_RH_in": 0.9999999999828282,
   "q_RH_out": -0.9999999999828282,
   "q_Rinf_out": 0.9999487239131805,
   "q_Rinf_in": -0.9999487239131805,
   "det_conjugation_defect": 0.0,
   "reciprocity_defect": 5.127569884260698e-05,
   "transmission_identity_defect": 5.127571601413067e-05,
   "nfev_horizon": 4907,
   "nfev_infinity": 4892
  }
 ]
}