{
 "description": "gated closed-channel quasi-bound search (Schwarzschild benchmark family)",
 "parameters": {
  "M": 1.0,
  "mass": 0.2,
  "lambda": 1.0,
  "m_k": 0.5,
  "u_left": -40.0,
  "u_match": 10.0,
  "hydrogenic_estimate": 0.196,
  "u_right": 320.0,
  "rtol": 1e-11,
  "atol": 1e-12
 },
 "scan": {
  "omega": [
   0.187,
   0.18708050314465408,
   0.18716100628930818,
   0.18724150943396226,
   0.18732201257861636,
   0.18740251572327044,
   0.18748301886792454,
   0.18756352201257862,
   0.1876440251572327,
   0.1877245283018868,
   0.18780503144654087,
   0.18788553459119497,
   0.18796603773584905,
   0.18804654088050315,
   0.18812704402515723,
   0.18820754716981133,
   0.1882880503144654,
   0.1883685534591195,
   0.1884490566037736,
   0.18852955974842767,
   0.18861006289308177,
   0.18869056603773585,
   0.18877106918238995,
   0.18885157232704403,
   0.1889320754716981,
   0.1890125786163522,
   0.18909308176100628,
   0.18917358490566039,
   0.18925408805031446,
   0.18933459119496857,
   0.18941509433962264,
   0.18949559748427672,
   0.18957610062893082,
   0.1896566037735849,
   0.189737106918239,
   0.18981761006289308,
   0.18989811320754718,
   0.18997861635220126,
   0.19005911949685533,
   0.19013962264150944,
   0.1902201257861635,
   0.19030062893081762,
   0.1903811320754717,
   0.1904616352201258,
   0.19054213836477987,
   0.19062264150943398,
   0.19070314465408805,
   0.19078364779874213,
   0.19086415094339623,
   0.1909446540880503,
   0.1910251572327044,
   0.1911056603773585,
   0.1911861635220126,
   0.19126666666666667,
   0.19134716981132074,
   0.19142767295597485,
   0.19150817610062892,
   0.19158867924528303,
   0.1916691823899371,
   0.1917496855345912,
   0.19183018867924528,
   0.19191069182389936,
   0.19199119496855346,
   0.19207169811320754,
   0.19215220125786164,
   0.19223270440251572,
   0.19231320754716982,
   0.1923937106918239,
   0.192474213836478,
   0.19255471698113208,
   0.19263522012578616,
   0.19271572327044026,
   0.19279622641509434,
   0.19287672955974844,
   0.19295723270440251,
   0.19303773584905662,
   0.1931182389937107,
   0.19319874213836477,
   0.19327924528301887,
   0.19335974842767295,
   0.19344025157232705,
   0.19352075471698113,
   0.19360125786163523,
   0.1936817610062893,
   0.1937622641509434,
   0.1938427672955975,
   0.19392327044025157,
   0.19400377358490567,
   0.19408427672955975,
   0.19416477987421385,
   0.19424528301886793,
   0.19432578616352203,
   0.1944062893081761,
   0.19448679245283018,
   0.19456729559748429,
   0.19464779874213836,
   0.19472830188679247,
   0.19480880503144654,
   0.19488930817610065,
   0.19496981132075472,
   0.1950503144654088,
   0.1951308176100629,
   0.19521132075471698,
   0.19529182389937108,
   0.19537232704402516,
   0.19545283018867926,
   0.19553333333333334,
   0.1956138364779874,
   0.19569433962264152,
   0.1957748427672956,
   0.1958553459119497,
   0.19593584905660377,
   0.19601635220125788,
   0.19609685534591195,
   0.19617735849056606,
   0.19625786163522013,
   0.1963383647798742,
   0.1964188679245283,
   0.1964993710691824,
   0.1965798742138365,
   0.19666037735849057,
   0.19674088050314464,
   0.19682138364779875,
   0.19690188679245282,
   0.19698238993710693,
   0.197062893081761,
   0.1971433962264151,
   0.19722389937106918,
   0.1973044025157233,
   0.19738490566037736,
   0.19746540880503144,
   0.19754591194968554,
   0.19762641509433962,
   0.19770691823899372,
   0.1977874213836478,
   0.1978679245283019,
   0.19794842767295598,
   0.19802893081761008,
   0.19810943396226416,
   0.19818993710691823,
   0.19827044025157234,
   0.19835094339622641,
   0.19843144654088052,
   0.1985119496855346,
   0.19859245283018867,
   0.19867295597484277,
   0.19875345911949685,
   0.19883396226415095,
   0.19891446540880503,
   0.19899496855345913,
   0.1990754716981132,
   0.1991559748427673,
   0.1992364779874214,
   0.19931698113207547,
   0.19939748427672957,
   0.19947798742138365,
   0.19955849056603775,
   0.19963899371069183,
   0.19971949685534593,
   0.1998
  ],
  "relative_residual": [
   0.2226925006871942,
   0.2213819375525188,
   0.22006447004744198,
   0.2187399882824424,
   0.21740837960708967,
   0.21606952850131395,
   0.21472331650075635,
   0.2133696220883608,
   0.21200832059549976,
   0.2106392841008978,
   0.2092623813188273,
   0.20787747749309296,
   0.20648443427327476,
   0.20508310959290565,
   0.20367335755481641,
   0.2022550282860397,
   0.2008279678156497,
   0.19939201792413394,
   0.19794701600798068,
   0.19649279491664448,
   0.19502918280836054,
   0.19355600298108666,
   0.19207307370570897,
   0.19058020805606324,
   0.1890772137211288,
   0.1875638928265849,
   0.1860400417440011,
   0.18450545088412817,
   0.18295990450487112,
   0.18140318048725906,
   0.1798350501305359,
   0.17825527792571108,
   0.1766636213280593,
   0.17505983052706675,
   0.17344364820693936,
   0.17181480930749385,
   0.17017304078021644,
   0.16851806134276434,
   0.16684958123510102,
   0.16516730196808163,
   0.16347091608926947,
   0.16176010694065343,
   0.16003454843413903,
   0.15829390483215314,
   0.15653783054755757,
   0.1547659699644249,
   0.15297795728910277,
   0.1511734164328204,
   0.1493519609312343,
   0.14751319393291998,
   0.14565670824511176,
   0.143782086460529,
   0.14188890118858974,
   0.13997671540868795,
   0.1380450829774687,
   0.13609354929948633,
   0.13412165224048314,
   0.13212892328874,
   0.13011488905236998,
   0.12807907313271988,
   0.12602099848756979,
   0.12394019034835695,
   0.12183617985841566,
   0.11970850853734383,
   0.11755673378981198,
   0.11538043566549919,
   0.11317922516500346,
   0.11095275442067794,
   0.1087007291964125,
   0.1064229242177893,
   0.10411920202946141,
   0.10178953617468967,
   0.09943403976227294,
   0.09705300072209698,
   0.09464692540812783,
   0.09221659263011495,
   0.0897631207746309,
   0.08728805133357172,
   0.08479345312452177,
   0.08228205251178063,
   0.07975739641145384,
   0.07722405647224963,
   0.07468788478315203,
   0.07215633366226736,
   0.06963885407250442,
   0.06714738872040014,
   0.0646969755985475,
   0.06230647370382071,
   0.05999941152880811,
   0.05780493542448682,
   0.05575879218624743,
   0.05390421103803612,
   0.052292453102840884,
   0.05098268664810173,
   0.05004077303373941,
   0.04953660385481878,
   0.04953992297413206,
   0.05011512671377375,
   0.05131618064899508,
   0.053183124264441946,
   0.05574130328194884,
   0.059003544896656886,
   0.06297450756200569,
   0.0676559511850696,
   0.07305182041962764,
   0.07917253780383503,
   0.08603841199401087,
   0.09368239308097423,
   0.10215254570482211,
   0.11151463597474026,
   0.12185521757449982,
   0.1332856057487666,
   0.14594717376821714,
   0.16001851234572623,
   0.17572517643402535,
   0.19335303163726908,
   0.2132666410488092,
   0.23593474888543278,
   0.2619657547002385,
   0.29215707671435376,
   0.3275630732480112,
   0.3695851692695184,
   0.42007983544607413,
   0.48144887195163993,
   0.5565738631847269,
   0.6481533555772387,
   0.7562489676698863,
   0.8718178131040718,
   0.9667573651063497,
   0.9977958461106259,
   0.9460587058794891,
   0.8414303881537512,
   0.7253985101296503,
   0.6201437230283575,
   0.5313310801774291,
   0.45776587438064503,
   0.39654589460192635,
   0.34484952067450136,
   0.30036240076649223,
   0.2612742745352548,
   0.22617373401670404,
   0.19394103537699142,
   0.16366822085106894,
   0.13463017961838822,
   0.10639410716743046,
   0.07948929793529474,
   0.058750019700261474,
   0.06208371404664371,
   0.10448076237946795,
   0.19075022809180858,
   0.3707489437932289,
   0.8412250295681043,
   0.7280609262401135,
   0.3596886212222914,
   0.2006522608162779,
   0.10210407658249782,
   0.06042505067075117,
   0.18376741913306485,
   0.5815198712923788,
   0.8057261863899562
  ]
 },
 "root": {
  "E_n": 0.1948344764598106,
  "gamma_n": 0.0007510418898392761,