{
 "description": "Schwarzschild a=0 massive Dirac finite-matching benchmark",
 "start_data_order": "refined",
 "parameters": {
  "M": 1.0,
  "mass": 0.2,
  "omega": 0.5,
  "angular_lambda": 1.0,
  "ell_infinity": 1.0,
  "u_left": -80.0,
  "u_match": 20.0,
  "rtol": 1e-10,
  "atol": 1e-11,
  "grid_points": 240,
  "refined": true
 },
 "derived": {
  "kappa": 0.458257569495584,
  "alpha": 0.08728715609439697,
  "B1": [
   [
    [
     0.0,
     -0.08728715609439697
    ],
    [
     1.0000000000000002,
     -0.21821789023599245
    ]
   ],
   [
    [
     1.0000000000000002,
     0.21821789023599245
    ],
    [
     0.0,
     0.08728715609439697
    ]
   ]
  ],
  "b_minus_out": [
   [
    [
     0.0,
     0.0
    ]
   ],
   [
    [
     -0.23809523809523814,
     1.091089451179962
    ]
   ]
  ],
  "b_plus_in": [
   [
    [
     -0.23809523809523814,
     -1.091089451179962
    ]
   ],
   [
    [
     0.0,
     0.0
    ]
   ]
  ]
 },
 "runs": [
  {
   "u_right": 80.0,
   "S": [
    [
     [
      0.006276942999752147,
      -0.0069256930277561655
     ],
     [
      0.9017133186011118,
      0.4320079552464205
     ]
    ],
    [
     [
      0.9018890692267805,
      0.4320921568067858
     ],
     [
      0.0014639547399014638,
      -0.009231580246976538
     ]
    ]
   ],
   "unitary_defect_2norm": 0.0001948989150766016,
   "wronskian_out_relative_variation": 2.4976050089392926e-10,
   "wronskian_in_relative_variation": 2.4976050089392926e-10,
   "matching_point_variation_frobenius": 4.410118109930506e-09,
   "det_Fout": [
    -0.9017921036318092,
    0.43204570090162325
   ],
   "det_Fin": [
    0.9017921036318092,
    0.43204570090162325
   ],
   "q_RH_in": 0.9999999997222344,
   "q_RH_out": -0.9999999997222344,
   "q_Rinf_out": 0.9998051302736333,
   "q_Rinf_in": -0.9998051302736333,
   "det_conjugation_defect": 0.0,
   "reciprocity_defect": 0.00019487992505868497,
   "transmission_identity_defect": 0.00019488020283907958,
   "nfev_horizon": 3572,
   "nfev_infinity": 3599
  },
  {
   "u_right": 120.0,
   "S": [
    [
     [
      0.007056156686034394,
      -0.006395954034066598
     ],
     [
      0.8996441132619264,
      0.4364208648250109
     ]
    ],
    [
     [
      0.899722036836648,
      0.43645866585473914
     ],
     [
      0.0006554897643126594,
      -0.009500942498123116
     ]
    ]
   ],
   "unitary_defect_2norm": 8.661207204054519e-05,
   "wronskian_out_relative_variation": 3.312180071190624e-10,
   "wronskian_in_relative_variation": 3.312180071190624e-10,
   "matching_point_variation_frobenius": 5.952036213337832e-09,
   "det_Fout": [
    -0.8997257159528039,
    0.43646045060832217
   ],
   "det_Fin": [
    0.8997257159528039,
    0.43646045060832217
   ],
   "q_RH_in": 0.9999999997222344,
   "q_RH_out": -0.9999999997222344,
   "q_Rinf_out": 0.99991339122371,
   "q_Rinf_in": -0.99991339122371,
   "det_conjugation_defect": 0.0,
   "reciprocity_defect": 8.6608321458762e-05,
   "transmission_identity_defect": 8.660859922359817e-05,
   "nfev_horizon": 4427,
   "nfev_infinity": 4427
  },
  {
   "u_right": 180.0,
   "S": [
    [
     [
      0.007052271422469613,
      -0.005780488095120504
     ],
     [
      0.8982915368097066,
      0.43926151311912065
     ]
    ],
    [
     [
      0.8983261157302406,
      0.43927842209391704
     ],
     [
      0.00023188232698623256,
      -0.009115635217605136
     ]
    ]
   ],
   "unitary_defect_2norm": 3.849249543772476e-05,
   "wronskian_out_relative_variation": 2.6828264499364324e-10,
   "wronskian_in_relative_variation": 2.6828264499364324e-10,
   "matching_point_variation_frobenius": 1.4110768138711214e-09,
   "det_Fout": [
    -0.8983662344322645,
    0.4392980400030627
   ],
   "det_Fin": [
    0.8983662344322645,
    0.4392980400030627
   ],
   "q_RH_in": 0.9999999997222344,
   "q_RH_out": -0.9999999997222344,
   "q_Rinf_out": 0.9999615071081173,
   "q_Rinf_in": -0.9999615071081173,
   "det_conjugation_defect": 0.0,
   "reciprocity_defect": 3.849175462299906e-05,
   "transmission_identity_defect": 3.849203238215889e-05,
   "nfev_horizon": 5702,
   "nfev_infinity": 5714
  }
 ]
}