{
 "description": "Schwarzschild a=0 massive Dirac finite-matching benchmark",
 "start_data_order": "first_order",
 "parameters": {
  "M": 1.0,
  "mass": 0.2,
  "omega": 0.5,
  "angular_lambda": 1.0,
  "ell_infinity": 1.0,
  "u_left": -80.0,
  "u_match": 20.0,
  "rtol": 1e-10,
  "atol": 1e-11,
  "grid_points": 240,
  "refined": false
 },
 "derived": {
  "kappa": 0.458257569495584,
  "alpha": 0.08728715609439697,
  "B1": [
   [
    [
     0.0,
     -0.08728715609439697
    ],
    [
     1.0000000000000002,
     -0.21821789023599245
    ]
   ],
   [
    [
     1.0000000000000002,
     0.21821789023599245
    ],
    [
     0.0,
     0.08728715609439697
    ]
   ]
  ],
  "b_minus_out": [
   [
    [
     0.0,
     0.0
    ]
   ],
   [
    [
     -0.23809523809523814,
     1.091089451179962
    ]
   ]
  ],
  "b_plus_in": [
   [
    [
     -0.23809523809523814,
     -1.091089451179962
    ]
   ],
   [
    [
     0.0,
     0.0
    ]
   ]
  ]
 },
 "runs": [
  {
   "u_right": 80.0,
   "S": [
    [
     [
      0.006276942999751744,
      -0.006925693027755034
     ],
     [
      0.8975411378447647,
      0.4406105856821302
     ]
    ],
    [
     [
      0.8977160752814026,
      0.4406964639590857
     ],
     [
      0.001640227760638373,
      -0.009201896012782278
     ]
    ]
   ],
   "unitary_defect_2norm": 0.00019489891507482542,
   "wronskian_out_relative_variation": 2.521597577743321e-10,
   "wronskian_in_relative_variation": 2.521597577743321e-10,
   "matching_point_variation_frobenius": 4.574140756915443e-09,
   "det_Fout": [
    -0.8976195583412117,
    0.44064908297145994
   ],
   "det_Fin": [
    0.8976195583412117,
    0.44064908297145994
   ],
   "q_RH_in": 0.9999999997222344,
   "q_RH_out": -0.9999999997222344,
   "q_Rinf_out": 0.9998051302736348,
   "q_Rinf_in": -0.9998051302736348,
   "det_conjugation_defect": 0.0,
   "reciprocity_defect": 0.00019487992505714123,
   "transmission_identity_defect": 0.00019488020283742335,
   "nfev_horizon": 3572,
   "nfev_infinity": 3599
  },
  {
   "u_right": 120.0,
   "S": [
    [
     [
      0.007056156686034148,
      -0.00639595403406827
     ],
     [
      0.8965827444979461,
      0.44267604865181415
     ]
    ],
    [
     [
      0.8966604029091464,
      0.4427143914805443
     ],
     [
      0.0007877657583677291,
      -0.009490890384664738
     ]
    ]
   ],
   "unitary_defect_2norm": 8.661207203654808e-05,
   "wronskian_out_relative_variation": 3.281161831054563e-10,
   "wronskian_in_relative_variation": 3.281161831054563e-10,
   "matching_point_variation_frobenius": 5.6794860553138895e-09,
   "det_Fout": [
    -0.8966640695057648,
    0.44271620181485316
   ],
   "det_Fin": [
    0.8966640695057648,
    0.44271620181485316
   ],
   "q_RH_in": 0.9999999997222344,
   "q_RH_out": -0.9999999997222344,
   "q_Rinf_out": 0.9999133912237141,
   "q_Rinf_in": -0.9999133912237141,
   "det_conjugation_defect": 0.0,
   "reciprocity_defect": 8.660832145464191e-05,
   "transmission_identity_defect": 8.660859921960735e-05,
   "nfev_horizon": 4427,
   "nfev_infinity": 4427
  },
  {
   "u_right": 180.0,
   "S": [
    [
     [
      0.007052271422469984,
      -0.005780488095125847
     ],
     [
      0.8960678447654605,
      0.4437801027412401
     ]
    ],
    [
     [
      0.8961023380869806,
      0.44379718565505905
     ],
     [
      0.0003236894744340892,
      -0.00911283709709657
     ]
    ]
   ],
   "unitary_defect_2norm": 3.8492495438835164e-05,
   "wronskian_out_relative_variation": 2.7370055181529616e-10,
   "wronskian_in_relative_variation": 2.7370055181529616e-10,
   "matching_point_variation_frobenius": 1.5118919994866518e-09,
   "det_Fout": [
    -0.8961423574764364,
    0.4438170053694569
   ],
   "det_Fin": [
    0.8961423574764364,
    0.4438170053694569
   ],
   "q_RH_in": 0.9999999997222344,
   "q_RH_out": -0.9999999997222344,
   "q_Rinf_out": 0.9999615071081163,
   "q_Rinf_in": -0.9999615071081163,
   "det_conjugation_defect": 0.0,
   "reciprocity_defect": 3.849175462397466e-05,
   "transmission_identity_defect": 3.849203238302834e-05,
   "nfev_horizon": 5702,
   "nfev_infinity": 5714
  }
 ]
}